Region,Customer_ID,Has_Health_Insurance,Annual_OOP_Spending,Has_Motor_Insurance,Last_Interaction_Days
North-West,CID_72409,0,426.73,1,286
North-West,CID_64411,0,410.44,1,315
North-West,CID_70743,0,793.97,1,198
North-West,CID_65291,1,541.46,1,172
North-West,CID_91275,1,223.72,1,339
North-West,CID_48401,0,754.82,1,337
North-West,CID_37723,1,698.07,1,276
North-West,CID_74273,0,665.43,1,316
North-West,CID_61697,0,612.97,1,358
North-West,CID_40486,0,401.73,1,97
North-West,CID_82695,0,528.38,1,351
North-West,CID_78741,0,742.81,1,230
North-West,CID_40046,0,644.81,1,87
North-West,CID_98619,0,1006.72,1,205
North-West,CID_10353,0,673.83,1,270
North-West,CID_31201,0,268.23,1,29
North-West,CID_18660,0,742.83,1,151
North-West,CID_89941,0,241.35,1,271
North-West,CID_70861,0,398.5,1,257
North-West,CID_50320,0,883.84,1,355
North-West,CID_81579,1,1099.28,1,293
North-West,CID_83750,0,588.35,1,353
North-West,CID_18359,0,580.31,1,78
North-West,CID_86812,0,897.02,1,349
North-West,CID_45654,1,690.34,1,57
North-West,CID_10738,0,627.71,1,210
North-West,CID_22958,1,460.89,1,226
North-West,CID_41943,0,292.48,1,215
North-West,CID_62494,1,744.31,1,75
North-West,CID_72480,0,708.32,1,160
North-West,CID_41042,0,675.57,1,104
North-West,CID_43710,0,508.92,1,214
North-West,CID_69501,0,384.27,1,222
North-West,CID_84311,0,484.68,1,65
North-West,CID_83397,0,708.18,1,362
North-West,CID_87046,0,659.07,1,257
North-West,CID_68555,0,329.42,1,142
North-West,CID_46962,0,718.76,1,103
North-West,CID_14173,0,730.11,1,238
North-West,CID_50908,0,536.24,1,30
North-West,CID_71153,0,288.45,1,2
North-West,CID_12815,1,399.51,1,210
North-West,CID_44243,0,590.02,1,231
North-West,CID_82427,0,579.21,1,342
North-West,CID_81990,0,482.96,1,136
North-West,CID_29005,1,729.81,1,79
North-West,CID_51898,0,672.67,1,204
North-West,CID_99483,0,675.04,1,267
North-West,CID_78230,0,903.33,1,313
North-West,CID_77216,1,645.8,1,339
North-West,CID_25841,1,999.6,1,214
North-West,CID_23695,0,437.46,1,201
North-West,CID_25912,1,622.82,1,63
North-West,CID_50330,1,548.74,1,45
North-West,CID_24090,0,484.89,1,247
North-West,CID_77202,1,445.01,1,14
North-West,CID_71292,1,307.39,1,193
North-West,CID_72830,0,972.85,1,8
North-West,CID_72818,1,599.66,1,310
North-West,CID_89253,1,637.43,1,348
North-West,CID_19480,0,406.36,1,54
North-West,CID_49550,1,835.44,1,321
North-West,CID_66836,1,384.84,1,35
North-West,CID_38792,0,545.58,1,114
North-West,CID_16647,0,507.3,1,117
North-West,CID_14224,0,587.43,1,148
North-West,CID_78455,0,675.47,1,262
North-West,CID_83144,0,538.68,1,326
North-West,CID_68134,1,757.97,1,253
North-West,CID_41797,1,901.21,1,193
North-West,CID_10819,0,576.17,1,267
North-West,CID_62687,0,703.66,1,346
North-West,CID_79411,0,469.4,1,222
North-West,CID_41655,1,766.93,1,283
North-West,CID_40807,0,484.75,1,177
North-West,CID_39939,1,347.9,1,216
North-West,CID_82808,0,263.06,1,76
North-West,CID_78758,1,370.52,1,350
North-West,CID_28644,0,518.56,1,154
North-West,CID_41708,0,692.62,1,220
North-West,CID_80201,1,960.16,1,109
North-West,CID_41205,0,494.66,1,254
North-West,CID_19512,1,830.52,1,244
North-West,CID_13742,0,764.6,1,277
North-West,CID_60540,0,638.7,1,222
North-West,CID_17960,1,902.45,1,115
North-West,CID_22125,0,522.0,1,90
North-West,CID_59993,0,437.7,1,309
North-West,CID_50416,0,874.32,1,303
North-West,CID_24169,1,548.72,1,266
North-West,CID_42731,1,649.32,1,35
North-West,CID_29405,0,605.52,1,128
North-West,CID_20384,1,209.49,1,61
North-West,CID_53465,0,708.0,1,101
North-West,CID_91879,1,750.59,1,262
North-West,CID_49376,0,906.49,1,217
North-West,CID_26893,1,604.66,1,55
North-West,CID_24435,0,745.43,1,334
North-West,CID_30638,0,306.8,1,132
North-West,CID_17931,1,12.66,1,133
North-West,CID_34502,0,689.98,1,245
North-West,CID_68419,0,571.09,1,295
North-West,CID_27574,1,1050.8,1,296
North-West,CID_74701,0,530.66,1,151
North-West,CID_53755,0,619.8,1,146
North-West,CID_34040,1,669.19,1,38
North-West,CID_40226,1,412.9,1,192
North-West,CID_82856,0,1055.61,1,158
North-West,CID_30449,0,785.03,1,333
North-West,CID_24082,0,628.76,1,199
North-West,CID_80029,1,848.36,1,332
North-West,CID_29922,0,516.96,1,359
North-West,CID_44316,1,599.49,1,53
North-West,CID_33919,0,285.13,1,128
North-West,CID_12610,0,372.08,1,23
North-West,CID_58929,1,495.22,1,167
North-West,CID_14053,0,634.53,1,32
North-West,CID_44347,0,519.76,1,298
North-West,CID_57309,0,507.87,1,185
North-West,CID_55887,1,240.79,1,131
North-West,CID_23926,0,450.95,1,114
North-West,CID_85054,1,562.89,1,208
North-West,CID_47335,0,437.17,1,263
North-West,CID_43228,0,714.64,1,71
North-West,CID_21620,0,610.0,1,81
North-West,CID_23468,0,653.94,1,316
North-West,CID_29408,0,698.04,1,292
North-West,CID_56489,0,757.94,1,81
North-West,CID_50659,0,1069.02,1,360
North-West,CID_29303,0,565.65,1,106
North-West,CID_89645,0,266.92,1,188
North-West,CID_77067,0,534.79,1,59
North-West,CID_43350,1,612.36,1,165
North-West,CID_45023,0,914.09,1,219
North-West,CID_95310,0,1012.01,1,201
North-West,CID_36593,0,523.78,1,217
North-West,CID_84971,0,703.52,1,199
North-West,CID_79300,1,394.24,1,170
North-West,CID_26331,0,524.51,1,348
North-West,CID_82367,0,218.73,1,160
North-West,CID_96876,0,422.0,1,46
North-West,CID_74319,1,546.31,1,82
North-West,CID_10706,0,661.15,1,182
North-West,CID_93292,0,435.54,1,116
North-West,CID_46418,0,589.78,1,245
North-West,CID_56021,0,773.07,1,55
North-West,CID_48473,0,485.24,1,137
North-West,CID_78527,0,158.02,1,133
North-West,CID_92824,0,322.76,1,168
North-West,CID_30767,0,531.37,1,360
North-West,CID_83645,1,644.43,1,39
North-West,CID_26328,1,366.04,1,189
North-West,CID_16808,1,861.51,1,202
North-West,CID_82266,1,803.27,1,172
North-West,CID_37041,1,482.09,1,125
North-West,CID_63806,0,476.22,1,363
North-West,CID_34253,0,693.66,1,285
North-West,CID_62138,1,525.86,1,31
North-West,CID_32289,1,584.24,1,91
North-West,CID_76279,0,775.12,1,54
North-West,CID_35499,1,296.3,1,229
North-West,CID_18915,1,618.65,1,336
North-West,CID_69981,0,718.78,1,123
North-West,CID_74278,1,827.03,1,276
North-West,CID_88853,1,691.03,1,72
North-West,CID_86887,1,607.06,1,67
North-West,CID_47471,0,603.8,1,269
North-West,CID_75185,0,504.77,1,218
North-West,CID_66287,0,651.99,1,289
North-West,CID_99522,0,933.36,1,110
North-West,CID_55418,1,850.05,1,136
North-West,CID_74565,1,658.9,1,327
North-West,CID_53242,1,675.82,1,224
North-West,CID_27688,1,651.84,1,157
North-West,CID_81772,0,741.73,1,315
North-West,CID_10106,0,552.87,1,69
North-West,CID_71773,1,951.73,1,130
North-West,CID_48878,0,854.5,1,52
North-West,CID_24716,0,695.52,1,157
North-West,CID_61681,0,643.3,1,119
North-West,CID_28145,0,213.12,1,358
North-West,CID_74084,1,455.9,1,53
North-West,CID_96800,0,659.05,1,94
North-West,CID_12524,0,582.59,1,352
North-West,CID_61548,0,496.97,1,273
North-West,CID_57261,1,390.63,1,164
North-West,CID_35866,1,489.23,1,263
North-West,CID_65860,1,764.79,1,144
North-West,CID_65020,0,597.74,1,214
North-West,CID_51495,1,804.45,1,214
North-West,CID_14693,0,646.81,1,199
North-West,CID_25779,0,619.25,1,344
North-West,CID_96079,1,689.2,1,332
North-West,CID_13204,0,888.38,1,201
North-West,CID_60227,1,795.1,1,280
North-West,CID_83302,0,557.56,1,324
North-West,CID_47708,0,948.62,1,285
North-West,CID_44275,0,573.5,1,2
North-West,CID_48839,0,366.87,1,151
North-West,CID_21475,0,577.33,1,175
North-West,CID_42194,0,980.32,1,147
North-West,CID_14723,0,736.18,1,355
North-West,CID_90909,0,600.83,1,79
North-West,CID_83455,0,489.67,1,67
North-West,CID_11038,0,537.62,1,356
North-West,CID_48775,0,703.2,1,301
North-West,CID_78715,0,534.71,1,34
North-West,CID_39277,1,477.27,1,340
North-West,CID_60436,0,596.45,1,40
North-West,CID_21876,1,586.18,1,152
North-West,CID_25965,0,446.12,1,88
North-West,CID_87131,0,209.23,1,159
North-West,CID_49375,0,543.22,1,106
North-West,CID_39059,1,677.9,1,307
North-West,CID_18373,1,662.81,1,35
North-West,CID_58010,0,644.08,1,353
North-West,CID_63068,0,298.77,1,207
North-West,CID_89237,0,728.92,1,26
North-West,CID_73158,1,296.97,1,55
North-West,CID_52738,1,992.87,1,45
North-West,CID_22451,0,603.64,1,129
North-West,CID_41239,0,1119.65,1,283
North-West,CID_18228,0,784.48,1,316
North-West,CID_49462,1,494.46,1,337
North-West,CID_45676,0,583.45,1,147
North-West,CID_72966,0,734.65,1,208
North-West,CID_90067,1,941.7,1,295
North-West,CID_23422,0,656.95,1,362
North-West,CID_80293,0,660.98,1,213
North-West,CID_58978,0,726.71,1,347
North-West,CID_70374,0,1016.62,1,331
North-West,CID_65732,0,810.04,1,44
North-West,CID_48365,0,403.25,1,346
North-West,CID_97778,0,794.7,1,162
North-West,CID_77438,1,1057.38,1,240
North-West,CID_49999,0,392.35,1,50
North-West,CID_65838,1,210.43,1,129
North-West,CID_60952,0,876.39,1,303
North-West,CID_71671,0,854.44,1,40
North-West,CID_18312,0,305.43,1,6
North-West,CID_45578,0,587.16,1,278
North-West,CID_30225,0,402.45,1,225
North-West,CID_87735,1,757.52,1,14
North-West,CID_55550,0,717.0,1,348
North-West,CID_68832,0,164.22,1,147
North-West,CID_84545,0,640.25,1,214
North-West,CID_84959,0,545.63,1,3
North-West,CID_70004,0,613.84,1,133
North-West,CID_36882,0,755.45,1,354
North-West,CID_53094,0,281.97,1,182
North-East,CID_61727,0,884.26,1,205
North-East,CID_95429,0,725.07,1,325
North-East,CID_15433,0,805.03,1,208
North-East,CID_34713,0,633.51,1,15
North-East,CID_49932,1,590.77,1,127
North-East,CID_28936,0,832.6,1,164
North-East,CID_81661,0,874.9,1,94
North-East,CID_51738,1,519.57,1,243
North-East,CID_26772,0,590.89,1,221
North-East,CID_20189,0,466.1,1,129
North-East,CID_57875,0,1034.5,1,258
North-East,CID_65889,0,724.88,1,92
North-East,CID_44801,0,601.26,1,72
North-East,CID_22598,1,639.28,1,20
North-East,CID_43825,0,872.5,1,133
North-East,CID_22479,0,953.77,1,187
North-East,CID_25378,0,641.4,1,51
North-East,CID_94330,1,917.8,1,344
North-East,CID_78355,0,171.68,1,250
North-East,CID_97265,0,350.3,1,160
North-East,CID_64148,1,748.5,1,254
North-East,CID_16617,1,832.19,1,213
North-East,CID_76330,1,617.16,1,224
North-East,CID_24649,0,733.66,1,54
North-East,CID_97938,0,723.68,1,229
North-East,CID_41770,0,617.6,1,36
North-East,CID_15800,1,556.64,1,244
North-East,CID_10433,0,756.0,1,295
North-East,CID_58360,0,647.96,1,6
North-East,CID_57546,0,597.37,1,164
North-East,CID_64080,0,393.65,1,52
North-East,CID_72099,0,762.25,1,74
North-East,CID_29633,1,362.94,1,15
North-East,CID_44901,0,329.97,1,12
North-East,CID_55566,0,439.56,1,361
North-East,CID_24860,0,798.48,1,351
North-East,CID_97300,0,686.86,1,179
North-East,CID_42360,0,726.3,1,52
North-East,CID_92650,1,981.82,1,184
North-East,CID_63451,0,681.56,1,61
North-East,CID_36885,0,296.77,1,64
North-East,CID_50851,0,326.94,1,298
North-East,CID_30106,0,511.79,1,277
North-East,CID_16236,0,622.98,1,153
North-East,CID_54114,1,508.6,1,64
North-East,CID_55495,0,156.14,1,1
North-East,CID_35517,0,915.29,1,85
North-East,CID_73861,0,623.2,1,353
North-East,CID_70201,0,748.82,1,288
North-East,CID_31788,0,239.21,1,294
North-East,CID_73905,1,729.52,1,23
North-East,CID_20424,0,382.67,1,68
North-East,CID_53939,0,753.79,1,11
North-East,CID_66271,0,485.61,1,356
North-East,CID_98988,1,348.62,1,353
North-East,CID_41914,0,564.1,1,178
North-East,CID_26498,0,424.39,1,192
North-East,CID_45038,0,670.7,1,164
North-East,CID_22133,0,768.61,1,291
North-East,CID_67332,0,644.5,1,153
North-East,CID_16719,0,501.44,1,96
North-East,CID_56243,0,461.5,1,200
North-East,CID_17846,0,467.35,1,206
North-East,CID_43588,1,707.33,1,193
North-East,CID_44777,1,832.51,1,77
North-East,CID_43131,0,685.76,1,213
North-East,CID_97328,0,574.33,1,295
North-East,CID_36255,0,186.69,1,159
North-East,CID_14000,0,1040.49,1,140
North-East,CID_33081,0,584.65,1,181
North-East,CID_49117,0,568.32,1,273
North-East,CID_98806,0,616.22,1,363
North-East,CID_24254,1,739.62,1,313
North-East,CID_84381,0,480.45,1,49
North-East,CID_59455,0,813.8,1,164
North-East,CID_45530,0,674.26,1,73
North-East,CID_60864,1,562.42,1,116
North-East,CID_62655,1,686.16,1,233
North-East,CID_33588,1,695.43,1,74
North-East,CID_41270,1,699.69,1,269
North-East,CID_85299,0,599.25,1,295
North-East,CID_81775,0,615.09,1,45
North-East,CID_70885,0,417.73,1,286
North-East,CID_88981,0,1094.05,1,348
North-East,CID_73396,0,377.77,1,337
North-East,CID_93226,1,1060.02,1,33
North-East,CID_36025,0,420.36,1,27
North-East,CID_88935,1,635.45,1,163
North-East,CID_94238,1,690.8,1,49
North-East,CID_87981,0,756.2,1,145
North-East,CID_78754,0,677.72,1,339
North-East,CID_85697,0,557.75,1,1
North-East,CID_65522,0,606.02,1,154
North-East,CID_96637,0,336.15,1,13
North-East,CID_14172,0,997.73,1,311
North-East,CID_22832,0,782.07,1,12
North-East,CID_26310,0,929.24,1,57
North-East,CID_17041,1,302.89,1,199
North-East,CID_61522,0,726.46,1,163
North-East,CID_66747,0,708.48,1,185
North-East,CID_60388,0,647.26,1,112
North-East,CID_11700,1,699.36,1,232
North-East,CID_90482,0,638.65,1,315
North-East,CID_36809,0,568.31,1,234
North-East,CID_56396,0,556.25,1,5
North-East,CID_41000,0,517.62,1,75
North-East,CID_78607,0,494.92,1,261
North-East,CID_13304,0,833.13,1,127
North-East,CID_98638,0,420.89,1,207
North-East,CID_28036,1,579.83,1,187
North-East,CID_95768,1,694.08,1,332
North-East,CID_74392,0,608.3,1,129
North-East,CID_78214,1,426.66,1,197
North-East,CID_32147,0,731.5,1,168
North-East,CID_92546,0,480.76,1,285
North-East,CID_51103,0,710.9,1,329
North-East,CID_59145,0,495.3,1,276
North-East,CID_26987,0,767.64,1,315
North-East,CID_86887,0,345.84,1,90
North-East,CID_95738,0,631.93,1,204
North-East,CID_20972,1,548.84,1,204
North-East,CID_17319,1,743.93,1,35
North-East,CID_64387,0,564.48,1,255
North-East,CID_81611,1,856.38,1,334
North-East,CID_88234,1,540.76,1,255
North-East,CID_55042,0,483.41,1,274
North-East,CID_10928,0,851.93,1,269
North-East,CID_94681,0,873.07,1,257
North-East,CID_43068,0,659.5,1,344
North-East,CID_49877,0,508.26,1,3
North-East,CID_13377,1,740.11,1,54
North-East,CID_90777,0,762.03,1,360
North-East,CID_22615,0,703.92,1,135
North-East,CID_24264,0,433.27,1,132
North-East,CID_11926,0,696.83,1,29
North-East,CID_76086,0,582.05,1,182
North-East,CID_68377,0,824.88,1,257
North-East,CID_48500,0,541.44,1,11
North-East,CID_84528,0,598.55,1,334
North-East,CID_19626,0,1096.95,1,126
North-East,CID_91796,0,771.99,1,203
North-East,CID_55033,0,650.22,1,66
North-East,CID_37728,0,850.0,1,272
North-East,CID_72463,0,582.46,1,349
North-East,CID_83542,0,505.07,1,172
North-East,CID_97795,0,570.5,1,213
North-East,CID_74117,0,739.26,1,2
North-East,CID_55855,1,568.89,1,96
North-East,CID_83336,0,218.91,1,270
North-East,CID_46473,0,744.37,1,163
North-East,CID_79989,0,649.21,1,314
North-East,CID_57707,0,433.02,1,201
North-East,CID_72965,0,609.05,1,120
North-East,CID_22273,0,700.39,1,239
North-East,CID_80985,0,831.77,1,32
North-East,CID_12343,0,791.06,1,184
North-East,CID_63179,1,744.07,1,240
North-East,CID_46815,0,809.45,1,100
North-East,CID_40520,0,709.96,1,92
North-East,CID_85028,1,817.22,1,4
North-East,CID_97656,0,624.23,1,41
North-East,CID_47613,0,833.03,1,363
North-East,CID_54438,0,891.96,1,58
North-East,CID_90420,1,840.14,1,12
North-East,CID_10904,1,589.51,1,229
North-East,CID_94452,1,539.93,1,136
North-East,CID_61299,0,692.56,1,99
North-East,CID_38661,0,813.96,1,267
North-East,CID_92713,0,593.1,1,227
North-East,CID_31878,0,764.78,1,248
North-East,CID_98692,0,667.0,1,134
North-East,CID_28570,1,735.5,1,119
North-East,CID_47837,1,494.38,1,311
North-East,CID_48334,0,588.1,1,4
North-East,CID_20352,0,587.22,1,122
North-East,CID_95391,0,731.48,1,262
North-East,CID_52265,0,536.02,1,181
North-East,CID_52857,1,424.0,1,25
North-East,CID_70272,0,490.41,1,348
North-East,CID_81021,0,645.06,1,216
North-East,CID_88294,0,504.46,1,81
North-East,CID_18202,0,1139.01,1,234
North-East,CID_48740,0,781.56,1,363
North-East,CID_20808,0,832.01,1,35
North-East,CID_70662,0,814.05,1,6
North-East,CID_64355,0,769.16,1,172
North-East,CID_91809,0,650.79,1,310
North-East,CID_10111,0,442.91,1,329
North-East,CID_95320,0,663.96,1,314
North-East,CID_33808,0,554.01,1,92
North-East,CID_64408,1,770.18,1,187
North-East,CID_45225,1,980.67,1,343
North-East,CID_23111,0,634.66,1,324
North-East,CID_15880,0,983.74,1,17
North-East,CID_52776,0,708.26,1,100
North-East,CID_65823,0,742.84,1,318
North-East,CID_21075,0,292.22,1,244
North-East,CID_39599,0,1059.13,1,158
North-East,CID_11031,0,807.85,1,350
North-East,CID_46319,1,755.98,1,28
North-East,CID_23765,1,517.0,1,21
North-East,CID_77811,1,839.98,1,364
North-East,CID_10806,0,498.29,1,342
North-East,CID_82548,0,921.46,1,229
North-East,CID_31826,0,614.17,1,189
North-East,CID_69488,0,780.68,1,217
North-East,CID_96854,0,449.88,1,240
North-East,CID_75453,0,392.96,1,182
North-East,CID_87645,0,415.61,1,67
North-East,CID_32563,0,879.02,1,341
North-East,CID_18031,0,238.61,1,109
North-East,CID_67607,0,603.67,1,354
North-East,CID_47957,0,708.41,1,235
North-East,CID_84227,0,981.87,1,239
North-East,CID_69022,0,400.66,1,111
North-East,CID_72024,0,620.26,1,17
North-East,CID_57874,0,915.1,1,80
North-East,CID_92766,1,659.99,1,286
North-East,CID_64576,1,252.58,1,191
North-East,CID_55816,0,197.63,1,20
North-East,CID_10167,1,774.16,1,139
North-East,CID_94180,0,617.98,1,275
North-East,CID_90328,0,763.4,1,49
North-East,CID_13337,0,454.86,1,97
North-East,CID_99440,0,455.1,1,169
North-East,CID_48703,0,732.37,1,171
North-East,CID_66790,0,701.09,1,38
North-East,CID_80912,0,1034.01,1,196
North-East,CID_71286,0,911.4,1,168
North-East,CID_60584,0,613.65,1,161
North-East,CID_49958,0,753.89,1,319
North-East,CID_88800,0,884.1,1,176
North-East,CID_77080,0,633.91,1,320
North-East,CID_48058,1,839.58,1,146
North-East,CID_83452,0,686.7,1,111
North-East,CID_62601,1,423.32,1,138
North-East,CID_67579,0,589.98,1,329
North-East,CID_88604,0,720.86,1,247
North-East,CID_36099,0,883.82,1,362
North-East,CID_29574,1,869.21,1,282
North-East,CID_23878,0,575.92,1,118
North-East,CID_56037,0,876.44,1,217
North-East,CID_76238,0,486.03,1,339
North-East,CID_77803,1,786.44,1,60
North-East,CID_88669,0,312.2,1,259
North-East,CID_32436,1,1281.89,1,194
North-East,CID_34289,0,762.14,1,245
North-East,CID_96712,0,793.67,1,321
North-East,CID_95169,1,628.29,1,253
North-East,CID_44918,0,856.69,1,41
Center,CID_75731,1,873.66,1,187
Center,CID_76450,0,989.04,1,44
Center,CID_58924,0,611.85,1,223
Center,CID_31100,0,715.97,1,130
Center,CID_12355,0,886.99,1,24
Center,CID_88227,1,471.55,1,88
Center,CID_57967,0,554.42,1,328
Center,CID_65667,1,636.71,1,267
Center,CID_10535,0,778.0,1,71
Center,CID_47796,0,1118.27,1,72
Center,CID_92275,0,664.97,1,228
Center,CID_84877,0,1024.55,1,361
Center,CID_17662,0,1119.07,1,342
Center,CID_37166,0,600.28,1,14
Center,CID_72298,0,569.92,1,48
Center,CID_75922,0,1042.55,1,89
Center,CID_46768,1,786.69,1,169
Center,CID_75791,0,928.41,1,130
Center,CID_52310,0,712.98,1,362
Center,CID_73477,0,1234.5,1,62
Center,CID_84518,0,935.55,1,207
Center,CID_43968,1,635.05,1,156
Center,CID_48033,0,1118.78,1,22
Center,CID_92533,0,1126.2,1,17
Center,CID_35276,0,927.52,1,114
Center,CID_45402,0,766.72,1,342
Center,CID_16814,0,1178.83,1,343
Center,CID_92539,0,815.12,1,289
Center,CID_42739,0,810.06,1,50
Center,CID_23562,0,437.96,1,217
Center,CID_91785,0,619.88,1,240
Center,CID_25456,0,936.98,1,321
Center,CID_39376,0,769.76,1,9
Center,CID_34400,0,782.44,1,27
Center,CID_46449,1,649.34,1,3
Center,CID_82042,0,872.57,1,98
Center,CID_25732,1,811.05,1,359
Center,CID_29158,0,459.3,1,255
Center,CID_60510,0,741.42,1,233
Center,CID_95065,0,547.04,1,82
Center,CID_46764,0,834.62,1,43
Center,CID_33298,0,718.78,1,235
Center,CID_60798,0,537.4,1,194
Center,CID_46739,1,734.14,1,238
Center,CID_42283,0,659.24,1,78
Center,CID_10465,0,629.46,1,213
Center,CID_77935,0,474.27,1,280
Center,CID_82990,0,702.09,1,53
Center,CID_38404,0,883.88,1,134
Center,CID_53891,0,532.92,1,148
Center,CID_46783,0,375.84,1,142
Center,CID_83126,0,821.77,1,29
Center,CID_83488,1,979.4,1,91
Center,CID_41553,0,854.56,1,183
Center,CID_20556,0,537.49,1,242
Center,CID_23181,0,797.25,1,161
Center,CID_40372,0,655.62,1,260
Center,CID_74297,0,791.9,1,300
Center,CID_62850,1,904.02,1,266
Center,CID_44572,0,533.45,1,212
Center,CID_97276,0,926.07,1,6
Center,CID_77485,0,1151.09,1,234
Center,CID_12338,1,911.36,1,140
Center,CID_52573,0,726.67,1,75
Center,CID_10723,0,679.8,1,257
Center,CID_61145,0,689.36,1,207
Center,CID_39137,0,761.05,1,325
Center,CID_84787,0,1060.57,1,193
Center,CID_69815,0,502.4,1,340
Center,CID_57015,0,504.02,1,362
Center,CID_41808,1,863.23,1,118
Center,CID_52824,1,705.28,1,331
Center,CID_53744,0,770.43,1,239
Center,CID_92003,0,920.99,1,39
Center,CID_25959,0,558.62,1,117
Center,CID_32637,0,536.58,1,215
Center,CID_65772,0,814.35,1,218
Center,CID_71060,0,963.04,1,208
Center,CID_81628,1,894.66,1,187
Center,CID_26715,0,837.09,1,239
Center,CID_67697,0,704.93,1,197
Center,CID_90536,1,456.62,1,91
Center,CID_81009,0,945.91,1,362
Center,CID_61684,0,918.82,1,216
Center,CID_43000,0,1100.02,1,60
Center,CID_82410,0,880.8,1,254
Center,CID_80614,0,939.83,1,146
Center,CID_92235,0,1191.82,1,235
Center,CID_35005,0,687.22,1,185
Center,CID_99194,0,840.34,1,314
Center,CID_20661,0,549.22,1,72
Center,CID_12106,0,991.27,1,29
Center,CID_24506,0,868.79,1,304
Center,CID_59629,0,800.31,1,298
Center,CID_19470,0,971.67,1,279
Center,CID_15774,0,999.96,1,265
Center,CID_45782,0,446.14,1,232
Center,CID_77811,1,808.3,1,182
Center,CID_37004,0,886.98,1,195
Center,CID_65913,0,538.42,1,245
Center,CID_76255,0,846.92,1,62
Center,CID_83939,0,886.09,1,14
Center,CID_41669,1,499.58,1,168
Center,CID_38357,0,714.27,1,269
Center,CID_73308,1,594.8,1,178
Center,CID_78880,0,428.49,1,35
Center,CID_72447,0,1059.71,1,121
Center,CID_71195,0,875.57,1,208
Center,CID_71213,0,783.29,1,257
Center,CID_50688,0,947.06,1,335
Center,CID_65092,0,622.77,1,125
Center,CID_83996,0,819.2,1,74
Center,CID_91371,0,607.46,1,162
Center,CID_94627,0,1079.45,1,280
Center,CID_50208,1,714.45,1,255
Center,CID_21385,0,736.89,1,159
Center,CID_82886,0,858.2,1,271
Center,CID_88952,0,909.12,1,297
Center,CID_29303,0,556.08,1,163
Center,CID_23981,0,1135.41,1,33
Center,CID_19932,0,636.66,1,260
Center,CID_40867,0,1003.19,1,168
Center,CID_62571,0,818.77,1,267
Center,CID_16796,0,514.1,1,304
Center,CID_41212,0,558.28,1,311
Center,CID_76879,0,616.92,1,55
Center,CID_94153,0,750.58,1,36
Center,CID_57528,0,638.6,1,76
Center,CID_41688,0,751.18,1,338
Center,CID_80390,0,784.24,1,134
Center,CID_88982,0,498.81,1,38
Center,CID_72288,0,323.24,1,28
Center,CID_81518,0,350.74,1,4
Center,CID_84762,1,549.74,1,187
Center,CID_12734,0,627.53,1,287
Center,CID_55830,0,664.03,1,60
Center,CID_59248,0,912.04,1,219
Center,CID_57580,0,703.07,1,6
Center,CID_68847,1,514.66,1,319
Center,CID_65424,0,757.9,1,178
Center,CID_23966,0,624.49,1,27
Center,CID_73282,0,861.59,1,189
Center,CID_52237,0,953.7,1,210
Center,CID_26932,0,619.3,1,271
Center,CID_25942,0,480.15,1,286
Center,CID_33700,0,703.17,1,132
Center,CID_48911,0,873.9,1,51
Center,CID_40430,1,649.81,1,173
Center,CID_14797,0,578.32,1,186
Center,CID_48972,0,467.47,1,20
Center,CID_72943,0,938.88,1,148
Center,CID_15573,0,918.74,1,159
Center,CID_48266,0,598.31,1,15
Center,CID_85827,1,963.22,1,321
Center,CID_26694,0,955.64,1,199
Center,CID_44168,1,739.2,1,110
Center,CID_27133,1,702.55,1,200
Center,CID_31057,0,510.26,1,75
Center,CID_31685,0,880.1,1,39
Center,CID_76908,0,754.87,1,203
Center,CID_51248,1,728.51,1,169
Center,CID_26527,0,591.37,1,170
Center,CID_38701,0,980.79,1,148
Center,CID_69846,0,774.26,1,270
Center,CID_91843,0,680.98,1,119
Center,CID_78293,0,789.65,1,326
Center,CID_96855,0,716.97,1,219
Center,CID_46257,0,925.02,1,114
Center,CID_20190,0,657.72,1,171
Center,CID_84653,0,1088.31,1,81
Center,CID_85161,0,418.96,1,334
Center,CID_65329,1,510.29,1,178
Center,CID_16661,1,271.16,1,193
Center,CID_18213,0,817.82,1,97
Center,CID_95794,0,501.56,1,176
Center,CID_30293,0,1097.29,1,20
Center,CID_45664,0,785.64,1,310
Center,CID_16865,0,660.05,1,335
Center,CID_99076,0,936.25,1,8
Center,CID_92498,0,549.07,1,334
Center,CID_93222,1,702.72,1,166
Center,CID_10743,0,782.89,1,215
Center,CID_36815,0,895.5,1,313
Center,CID_72042,0,1029.32,1,189
Center,CID_68703,0,729.32,1,256
Center,CID_89795,0,797.66,1,27
Center,CID_18243,1,678.28,1,99
Center,CID_57593,0,950.63,1,308
Center,CID_45555,1,752.35,1,334
Center,CID_48430,0,754.57,1,200
Center,CID_90615,0,1029.24,1,147
Center,CID_87270,0,401.0,1,259
Center,CID_90399,0,894.0,1,234
Center,CID_56707,0,741.39,1,290
Center,CID_87252,0,453.58,1,358
Center,CID_46231,0,1127.22,1,179
Center,CID_38638,0,675.46,1,71
Center,CID_73021,1,555.23,1,323
Center,CID_54953,1,900.42,1,100
Center,CID_53214,1,468.66,1,166
Center,CID_47146,0,1013.77,1,336
Center,CID_92147,0,588.0,1,21
Center,CID_43565,1,718.4,1,124
Center,CID_74092,0,809.13,1,47
Center,CID_54670,0,890.23,1,267
Center,CID_52894,0,762.24,1,335
Center,CID_68074,0,966.35,1,134
Center,CID_37775,0,748.67,1,273
Center,CID_56192,0,682.27,1,331
Center,CID_83368,0,680.39,1,123
Center,CID_35716,0,1078.08,1,164
Center,CID_77909,0,322.92,1,127
Center,CID_80605,0,861.77,1,293
Center,CID_75646,0,683.73,1,96
Center,CID_88335,0,763.38,1,140
Center,CID_98814,0,475.86,1,191
Center,CID_54231,0,923.77,1,310
Center,CID_61398,0,1129.53,1,139
Center,CID_69879,1,637.5,1,66
Center,CID_23710,0,472.52,1,321
Center,CID_12267,0,647.28,1,199
Center,CID_82377,0,545.63,1,60
Center,CID_56433,0,520.52,1,216
Center,CID_92414,0,874.0,1,307
Center,CID_89738,0,762.88,1,262
Center,CID_47200,0,577.64,1,264
Center,CID_76441,0,634.61,1,162
Center,CID_89865,0,705.72,1,329
Center,CID_25817,0,966.5,1,112
Center,CID_98710,0,467.2,1,74
Center,CID_77040,0,913.47,1,180
Center,CID_21504,0,416.48,1,28
Center,CID_31737,0,814.28,1,342
Center,CID_53451,1,1155.08,1,94
Center,CID_11778,1,792.3,1,349
Center,CID_90176,0,891.6,1,257
Center,CID_61814,0,1294.51,1,115
Center,CID_28420,0,638.25,1,147
Center,CID_92425,0,638.3,1,348
Center,CID_91635,1,510.61,1,316
Center,CID_17906,0,891.25,1,81
Center,CID_61557,0,345.69,1,236
Center,CID_35044,0,538.96,1,291
Center,CID_62934,0,768.68,1,61
Center,CID_26383,0,573.09,1,274
Center,CID_68629,0,895.92,1,122
Center,CID_52646,0,971.29,1,278
Center,CID_10299,0,807.48,1,272
Center,CID_18052,0,730.87,1,295
Center,CID_89550,0,762.16,1,59
South & Islands,CID_97978,0,862.44,1,105
South & Islands,CID_25829,0,1016.62,1,356
South & Islands,CID_44735,0,1213.14,1,114
South & Islands,CID_61500,1,917.13,1,65
South & Islands,CID_45281,0,787.68,1,245
South & Islands,CID_27827,0,499.63,1,274
South & Islands,CID_77646,1,602.06,1,145
South & Islands,CID_20613,0,639.6,1,38
South & Islands,CID_95930,0,858.2,1,111
South & Islands,CID_80999,0,1063.87,1,203
South & Islands,CID_64485,0,654.16,1,101
South & Islands,CID_93173,0,764.43,1,119
South & Islands,CID_41231,0,1330.04,1,134
South & Islands,CID_81518,0,549.27,1,331
South & Islands,CID_11051,0,1331.72,1,249
South & Islands,CID_34935,0,534.91,1,1
South & Islands,CID_12566,0,511.38,1,85
South & Islands,CID_38745,0,911.53,1,124
South & Islands,CID_84288,0,1067.22,1,350
South & Islands,CID_61570,0,1032.19,1,170
South & Islands,CID_21152,0,1162.05,1,364
South & Islands,CID_33712,0,660.43,1,324
South & Islands,CID_44497,0,622.03,1,163
South & Islands,CID_68507,1,1096.95,1,214
South & Islands,CID_81896,0,686.19,1,72
South & Islands,CID_52712,0,1059.5,1,277
South & Islands,CID_19570,0,805.4,1,292
South & Islands,CID_59601,0,809.87,1,37
South & Islands,CID_58316,0,1061.44,1,311
South & Islands,CID_87603,0,1305.21,1,328
South & Islands,CID_94076,0,1411.15,1,141
South & Islands,CID_26906,0,994.44,1,200
South & Islands,CID_88792,0,864.73,1,88
South & Islands,CID_62347,0,1025.35,1,157
South & Islands,CID_49494,0,1336.92,1,7
South & Islands,CID_69606,0,772.25,1,253
South & Islands,CID_22782,0,949.47,1,54
South & Islands,CID_46199,0,1092.83,1,302
South & Islands,CID_88164,0,1071.27,1,64
South & Islands,CID_79240,0,1072.69,1,349
South & Islands,CID_62988,0,922.0,1,141
South & Islands,CID_83229,0,738.92,1,108
South & Islands,CID_47423,0,813.71,1,55
South & Islands,CID_53940,0,852.27,1,84
South & Islands,CID_45548,0,1252.62,1,270
South & Islands,CID_68193,0,720.06,1,60
South & Islands,CID_51586,0,932.33,1,361
South & Islands,CID_36653,0,953.93,1,301
South & Islands,CID_18580,0,757.57,1,8
South & Islands,CID_72485,0,1022.66,1,207
South & Islands,CID_31667,0,839.07,1,168
South & Islands,CID_31924,0,834.18,1,211
South & Islands,CID_29834,0,699.7,1,104
South & Islands,CID_31850,0,721.14,1,180
South & Islands,CID_84366,0,841.2,1,276
South & Islands,CID_33166,0,1016.78,1,50
South & Islands,CID_37570,0,1098.49,1,225
South & Islands,CID_24975,0,1038.48,1,322
South & Islands,CID_11583,0,906.85,1,44
South & Islands,CID_13070,0,813.38,1,128
South & Islands,CID_66221,0,747.24,1,136
South & Islands,CID_55957,0,814.93,1,118
South & Islands,CID_67489,0,886.72,1,201
South & Islands,CID_62800,0,718.62,1,173
South & Islands,CID_88194,0,735.63,1,223
South & Islands,CID_25607,0,778.12,1,190
South & Islands,CID_82094,0,884.74,1,336
South & Islands,CID_76484,0,741.6,1,287
South & Islands,CID_69976,0,855.64,1,163
South & Islands,CID_97563,0,1015.71,1,205
South & Islands,CID_28292,0,814.54,1,283
South & Islands,CID_10883,0,822.49,1,294
South & Islands,CID_41898,0,977.91,1,59
South & Islands,CID_40233,0,709.41,1,303
South & Islands,CID_10815,0,769.29,1,238
South & Islands,CID_30929,0,925.13,1,353
South & Islands,CID_96806,0,952.33,1,117
South & Islands,CID_12174,0,1076.16,1,194
South & Islands,CID_81359,0,804.84,1,309
South & Islands,CID_38339,0,857.6,1,353
South & Islands,CID_27366,0,605.78,1,300
South & Islands,CID_48864,0,813.86,1,37
South & Islands,CID_44338,0,875.83,1,207
South & Islands,CID_20294,0,839.9,1,285
South & Islands,CID_69519,0,1056.43,1,277
South & Islands,CID_38966,0,840.09,1,32
South & Islands,CID_21210,0,965.78,1,219
South & Islands,CID_80972,0,915.35,1,177
South & Islands,CID_95058,0,876.68,1,146
South & Islands,CID_92530,0,868.38,1,347
South & Islands,CID_82064,0,1009.08,1,56
South & Islands,CID_85340,0,928.99,1,323
South & Islands,CID_52513,0,1108.72,1,364
South & Islands,CID_81796,0,922.07,1,41
South & Islands,CID_69447,0,987.07,1,36
South & Islands,CID_45908,0,1145.58,1,133
South & Islands,CID_26281,0,1053.49,1,118
South & Islands,CID_52849,0,1021.16,1,118
South & Islands,CID_76407,0,1362.75,1,344
South & Islands,CID_55534,0,1247.3,1,359
South & Islands,CID_98362,0,928.09,1,160
South & Islands,CID_65561,0,1277.28,1,256
South & Islands,CID_22666,0,848.87,1,169
South & Islands,CID_41284,0,844.52,1,23
South & Islands,CID_34190,1,1035.88,1,224
South & Islands,CID_11775,0,803.34,1,338
South & Islands,CID_62869,0,1163.89,1,112
South & Islands,CID_23558,0,653.25,1,140
South & Islands,CID_52328,0,429.55,1,111
South & Islands,CID_32247,0,945.47,1,188
South & Islands,CID_89494,0,965.17,1,16
South & Islands,CID_88246,0,834.42,1,16
South & Islands,CID_95973,0,857.3,1,292
South & Islands,CID_98047,0,932.15,1,296
South & Islands,CID_35722,0,696.53,1,301
South & Islands,CID_41127,0,1103.76,1,333
South & Islands,CID_23463,0,1030.49,1,122
South & Islands,CID_37808,0,994.43,1,240
South & Islands,CID_75864,0,1023.82,1,220
South & Islands,CID_96185,0,725.12,1,177
South & Islands,CID_46934,0,813.02,1,22
South & Islands,CID_66593,0,853.04,1,203
South & Islands,CID_68163,0,893.43,1,264
South & Islands,CID_14575,0,863.69,1,42
South & Islands,CID_89341,0,1179.13,1,150
South & Islands,CID_47855,0,753.75,1,282
South & Islands,CID_61116,0,862.72,1,24
South & Islands,CID_21843,0,1212.77,1,113
South & Islands,CID_42406,0,957.16,1,130
South & Islands,CID_49371,0,597.1,1,238
South & Islands,CID_64685,0,992.65,1,106
South & Islands,CID_49206,0,810.64,1,282
South & Islands,CID_68050,0,801.16,1,81
South & Islands,CID_13063,0,1084.39,1,316
South & Islands,CID_49229,0,862.87,1,259
South & Islands,CID_97904,1,812.45,1,232
South & Islands,CID_56180,1,957.87,1,255
South & Islands,CID_47112,0,520.71,1,284
South & Islands,CID_87287,0,1080.01,1,47
South & Islands,CID_88174,0,1064.69,1,361
South & Islands,CID_41747,0,1070.69,1,15
South & Islands,CID_11305,0,752.77,1,218
South & Islands,CID_78384,0,1068.81,1,117
South & Islands,CID_25546,0,964.26,1,310
South & Islands,CID_71233,0,1211.5,1,311
South & Islands,CID_54142,0,942.22,1,30
South & Islands,CID_56932,0,868.36,1,314
South & Islands,CID_80046,0,537.55,1,308
South & Islands,CID_41385,0,627.81,1,235
South & Islands,CID_57487,0,598.94,1,281
South & Islands,CID_42947,0,361.18,1,301
South & Islands,CID_81247,0,779.59,1,13
South & Islands,CID_75381,0,763.08,1,112
South & Islands,CID_70586,0,843.58,1,203
South & Islands,CID_18913,0,913.24,1,259
South & Islands,CID_18665,0,1164.07,1,297
South & Islands,CID_93646,0,852.26,1,0
South & Islands,CID_52162,0,1273.23,1,162
South & Islands,CID_27218,0,1196.85,1,9
South & Islands,CID_33339,0,489.89,1,24
South & Islands,CID_17288,0,1039.48,1,304
South & Islands,CID_35931,0,1102.14,1,232
South & Islands,CID_12051,0,813.65,1,305
South & Islands,CID_63913,0,837.76,1,327
South & Islands,CID_36965,0,1034.98,1,160
South & Islands,CID_27502,0,801.1,1,327
South & Islands,CID_52973,0,1365.71,1,78
South & Islands,CID_39458,0,905.15,1,17
South & Islands,CID_90978,1,825.76,1,30
South & Islands,CID_70980,0,855.83,1,262
South & Islands,CID_79974,0,810.43,1,133
South & Islands,CID_52769,0,847.31,1,297
South & Islands,CID_25369,0,1369.02,1,79
South & Islands,CID_12408,0,793.46,1,272
South & Islands,CID_33085,0,897.1,1,23
South & Islands,CID_45388,0,1007.67,1,191
South & Islands,CID_34997,0,775.52,1,195
South & Islands,CID_93400,0,794.28,1,18
South & Islands,CID_16385,0,1053.66,1,334
South & Islands,CID_21211,0,794.72,1,220
South & Islands,CID_46752,0,1100.66,1,32
South & Islands,CID_84748,0,738.9,1,104
South & Islands,CID_41984,0,877.09,1,159
South & Islands,CID_29002,0,1414.82,1,116
South & Islands,CID_63498,0,753.79,1,108
South & Islands,CID_11347,0,800.68,1,326
South & Islands,CID_28830,0,964.9,1,1
South & Islands,CID_59312,0,949.85,1,221
South & Islands,CID_68066,0,1019.03,1,260
South & Islands,CID_71145,0,778.42,1,85
South & Islands,CID_12258,0,931.91,1,336
South & Islands,CID_25674,0,929.33,1,136
South & Islands,CID_70849,0,1078.89,1,8
South & Islands,CID_84285,0,919.93,1,222
South & Islands,CID_30625,0,1082.82,1,196
South & Islands,CID_83267,0,954.95,1,140
South & Islands,CID_42665,0,766.46,1,219
South & Islands,CID_65236,0,949.49,1,72
South & Islands,CID_36836,0,1076.75,1,27
South & Islands,CID_62022,0,1089.64,1,205
South & Islands,CID_39093,0,688.06,1,75
South & Islands,CID_69626,0,689.09,1,201
South & Islands,CID_76831,0,1087.95,1,105
South & Islands,CID_24306,0,788.44,1,293
South & Islands,CID_36291,0,1083.73,1,126
South & Islands,CID_58688,0,935.6,1,320
South & Islands,CID_65944,0,862.23,1,156
South & Islands,CID_78806,0,1021.67,1,158
South & Islands,CID_31653,0,697.39,1,103
South & Islands,CID_95979,0,1030.66,1,187
South & Islands,CID_75560,0,1034.09,1,157
South & Islands,CID_51228,0,1065.24,1,70
South & Islands,CID_64530,0,971.41,1,245
South & Islands,CID_95280,1,936.35,1,114
South & Islands,CID_28616,0,740.18,1,274
South & Islands,CID_85862,0,898.0,1,264
South & Islands,CID_52149,0,1000.45,1,57
South & Islands,CID_82312,0,1300.32,1,308
South & Islands,CID_37354,0,796.02,1,260
South & Islands,CID_86986,0,721.26,1,198
South & Islands,CID_89851,0,1228.09,1,213
South & Islands,CID_26775,1,1246.09,1,230
South & Islands,CID_81427,0,1174.9,1,216
South & Islands,CID_45656,0,802.38,1,272
South & Islands,CID_51633,1,952.29,1,20
South & Islands,CID_34004,0,1025.57,1,235
South & Islands,CID_59709,0,1038.02,1,33
South & Islands,CID_19421,0,931.79,1,65
South & Islands,CID_27149,0,659.33,1,249
South & Islands,CID_45475,1,1251.57,1,259
South & Islands,CID_79716,0,695.97,1,220
South & Islands,CID_55432,0,781.56,1,141
South & Islands,CID_47688,0,738.68,1,247
South & Islands,CID_69951,0,915.02,1,145
South & Islands,CID_88236,0,625.02,1,60
South & Islands,CID_76194,0,781.43,1,114
South & Islands,CID_71275,0,1475.64,1,101
South & Islands,CID_74172,0,1232.45,1,98
South & Islands,CID_45092,0,626.6,1,352
South & Islands,CID_38759,1,1006.7,1,120
South & Islands,CID_77058,0,664.14,1,346
South & Islands,CID_92918,0,1276.74,1,180
South & Islands,CID_33896,0,1083.57,1,29
South & Islands,CID_11311,0,1100.54,1,155
South & Islands,CID_69919,1,786.77,1,61
South & Islands,CID_63670,0,756.46,1,299
South & Islands,CID_95702,0,1104.18,1,218
South & Islands,CID_96124,0,603.23,1,244
South & Islands,CID_63703,0,929.86,1,178
South & Islands,CID_11468,0,779.97,1,344
